sme_id,sector,business_age,monthly_revenue,credit_score,annual_revenue,gst_compliant,pan,gst_no,risk_level,employees,max_loan,interest_rate,approved
SME0001,Textile,8,2143826,561,26560233,True,EFGWG7773T,27URWTW8522O4G,Medium,34,10000000,12.88,True
SME0002,Agriculture,12,2283941,683,29150003,True,XTABK8646B,23RAZKJ8864B3K,Low,77,10000000,9.01,True
SME0003,Tourism,16,1913164,430,24544242,False,CGQVY7569J,,High,14,506346,16.93,False
SME0004,Construction,5,568414,478,7013773,False,JOQZI6369X,,High,6,657872,16.05,False
SME0005,Construction,1,4711883,506,60950099,True,WKVAS7686L,29XBGGD6176J1L,High,97,202591,16.81,False
SME0006,Manufacturing,13,4566086,390,59644539,False,FMTKR6982S,,High,54,876506,16.52,False
SME0007,Healthcare,14,1448873,490,16046786,False,RBXRA6755S,,High,42,8688854,16.7,True
SME0008,Services,1,745513,652,9038893,True,JMMNF3619E,23FYMXA1213U2M,Medium,18,7555054,11.27,True
SME0009,Education,13,313455,309,3434649,False,FEYJK1688C,,High,8,792593,17.0,False
SME0010,Textile,4,934822,382,12220234,False,ICJKN4635C,,High,19,4672792,17.16,True
SME0011,Construction,15,3173365,437,34334426,True,PYLIL6385Q,33ICXXX5234I4J,Medium,44,666080,14.66,False
SME0012,Construction,19,5776764,459,62621213,True,MLOJP1478E,36IGTHI7402X44,Medium,121,527104,14.27,False
SME0013,Construction,19,2003329,637,24503462,False,RQYCL1893P,,Medium,29,10000000,12.36,True
SME0014,Food & Beverage,11,1177948,404,14130955,True,IBPES4698Y,19MXDNI0176Q3A,Medium,28,6883718,14.21,True
SME0015,Education,13,1831075,426,23059342,True,GAZDS3528G,09UALIU0448P2I,Medium,10,171167,14.52,False
SME0016,Textile,7,226354,410,2883490,True,DIHHL7774H,06QDFUI3456J2L,High,3,327908,16.14,False
SME0017,Finance,8,1242589,416,14527938,False,EZFDA9328I,,High,27,691023,16.01,False
SME0018,Transport,20,1235966,470,16116124,False,TTPSX4468Q,,High,15,5726197,16.14,True
SME0019,Transport,9,918216,320,11910378,False,PASQO9729K,,High,5,4280548,16.77,True
SME0020,Trading,15,1095401,507,13931146,True,HEQHL5224G,19TTAYZ5521Z3O,Medium,19,473222,14.44,False
SME0021,Real Estate,2,2777277,450,33875456,False,UKDFA2269D,,High,81,10000000,17.0,True
SME0022,Textile,1,2382650,481,30730792,True,UXQMJ7205R,29UIGUT4060S3H,High,91,663898,17.5,False
SME0023,Trading,11,480641,377,5361123,False,ACZLR9667C,,High,11,446355,16.85,False
SME0024,Agriculture,17,662753,357,8637426,False,QUVKV0349K,,High,25,3097711,16.53,True
SME0025,Finance,20,6602898,499,71424640,True,IPFJB9411W,23KPTZH4804Z30,Medium,184,10000000,14.2,True
SME0026,Textile,3,2780859,518,32166033,True,ZJFCL6248D,09DRSDK9603C4E,Medium,56,10000000,14.99,True
SME0027,Agriculture,10,317364,394,3858851,False,LCPZF6355H,,High,22,386956,16.43,False
SME0028,Textile,10,206315,369,2589152,True,STIRM3329V,36YOQQM8402K2W,High,22,961830,16.46,False
SME0029,Textile,7,773087,675,8862766,False,ZTFJQ0576O,,Medium,12,6202141,10.49,True
SME0030,Retail,2,3823679,451,48466550,False,CVXMT9018H,,High,75,457888,17.34,False
SME0031,Trading,20,1559351,529,19536359,True,ILKUP1317L,29LIXPE2651R40,Medium,13,10000000,14.01,True
SME0032,Services,7,2952358,697,33937951,False,DCRYS9543C,,Medium,49,10000000,10.93,True
SME0033,Agriculture,16,1475064,586,17758188,False,XRBRL1158O,,Medium,36,631144,12.08,False
SME0034,Finance,16,5898604,358,64393397,True,KIIHU1673D,24RTJKC0587S36,Medium,125,10000000,14.25,True
SME0035,Transport,7,451525,453,5489913,True,TYJYL9346V,23QANDK0254F32,High,2,698646,16.67,False
SME0036,Tourism,1,605367,436,6913409,False,FPFSR0229Z,,High,21,2768828,17.11,True
SME0037,Food & Beverage,16,339122,578,3748599,False,FYCGC2481C,,High,9,2733685,14.23,True
SME0038,Manufacturing,0,2144629,678,27133226,False,LPAJU9784E,,Medium,94,10000000,11.59,True
SME0039,Real Estate,5,2906051,614,37420918,False,QOYIV6490T,,Medium,61,10000000,12.03,True
SME0040,Healthcare,7,4649721,642,59891740,True,HXUGY1609A,32YCGWB8749K38,Medium,71,10000000,12.25,True
SME0041,Transport,12,2612305,439,30858255,True,AQUCK4295J,24MNUBF6464N14,Medium,36,10000000,14.36,True
SME0042,Construction,18,2266495,459,26938598,True,EHIVQ2924G,33BJHNL8065I1H,Medium,83,466783,14.69,False
SME0043,Manufacturing,14,1497634,369,18600662,True,IBEBO9982D,29PXSWZ2046O3X,Medium,41,10000000,14.37,True
SME0044,Tourism,5,628012,334,7775534,True,GZBOT5089N,36VEKQD8604G16,High,14,921523,16.26,False
SME0045,Healthcare,19,5219557,543,59531487,False,WOIWF9256Z,,Medium,158,962349,14.71,False
SME0046,Trading,3,407067,515,4496640,False,NLSGK7923K,,High,15,239724,16.53,False
SME0047,Retail,9,3816707,436,41830413,True,BFZQC6631P,24UCZDJ0766S2K,Medium,49,10000000,14.04,True
SME0048,Food & Beverage,11,1662261,488,19886381,False,DZONE6630J,,High,30,260559,16.64,False
SME0049,Trading,7,3375673,514,44091476,False,WRSLM8017F,,High,49,419203,16.97,False
SME0050,Textile,6,611243,317,7808112,True,QKFZO0831A,27LVOAL9762S2F,High,19,758665,16.33,False
SME0051,Manufacturing,14,5438327,649,61445745,False,BGQQE5848Q,,Medium,182,10000000,12.68,True
SME0052,Real Estate,14,3000520,329,36744231,False,NSUYY2496S,,High,32,110294,16.11,False
SME0053,Food & Beverage,1,1350592,617,15777987,False,NKIEV7350R,,High,36,679402,15.43,False
SME0054,Agriculture,1,415691,478,4664734,False,OGTEH5396S,,High,2,1666703,16.9,True
SME0055,Agriculture,0,2148650,595,24335847,False,ZRNBA5950N,,High,68,10000000,16.15,True
SME0056,Retail,15,2658206,633,33737686,True,MPDFJ3865N,27VQPYW8119T4W,Medium,37,10000000,12.7,True
SME0057,Education,11,160725,607,1900194,False,ZILYZ7743S,,High,19,930946,14.21,False
SME0058,Trading,5,675530,521,8664631,True,VTJPK3281K,09RUHJM6826V2T,High,24,202138,16.31,False
SME0059,Services,3,1514694,583,19443499,True,ULFQH3751S,23NENWE7317R45,Medium,27,10000000,13.48,True
SME0060,Education,8,1857886,449,21580918,False,TUQOM0301H,,High,20,7960382,16.68,True
SME0061,Tourism,16,893940,461,11287520,False,FORLC9513J,,High,5,5195257,16.29,True
SME0062,Finance,9,6901216,462,87806483,True,TIAPQ2285G,06UDKDS6546I2Y,Medium,97,10000000,14.34,True
SME0063,Finance,6,6662375,561,85810330,True,YZNFO1677U,09CIAGQ0946T17,Medium,182,10000000,12.73,True
SME0064,Real Estate,0,4624754,597,51336786,True,EBRQI3053V,33BRDVR0696N3E,Medium,38,10000000,14.45,True
SME0065,Services,15,474782,385,5463771,False,IKOOF7344I,,High,13,126634,16.39,False
SME0066,Trading,14,454189,435,4959847,True,QVWAV8895C,27DFGQH3611Q22,High,15,210522,16.39,False
SME0067,Technology,6,6483273,504,73662801,True,HWNMJ4157T,24UKMBL1777F4E,Medium,177,10000000,14.8,True
SME0068,Manufacturing,7,4607583,562,50471678,False,LEVLZ3663Q,,Medium,26,10000000,12.52,True
SME0069,Manufacturing,2,2221943,541,28808922,False,WGYXV9408K,,High,27,8124201,17.37,True
SME0070,Transport,15,809961,527,9134118,False,VYIDP6026Z,,High,11,4988476,16.35,True
SME0071,Retail,1,1459402,518,17441631,False,NXTRM4697S,,High,26,494365,17.29,False
SME0072,Tourism,4,2493495,415,29163033,True,NJSWM8144V,32XOOCK8903C1K,Medium,37,10000000,14.68,True
SME0073,Agriculture,17,1070141,438,13899214,True,XLDDU2362H,32LJQWS7756K2Y,Medium,22,4548486,14.6,True
SME0074,Finance,15,3443250,492,42180788,False,IOVMC8515U,,High,21,885035,16.53,False
SME0075,Trading,4,3581357,568,44683339,True,VTUQP8721F,27PGOOQ0030Q27,Medium,57,10000000,12.74,True
SME0076,Construction,16,4929090,345,58474390,True,HPMXL1158F,23YTTMA4672B4V,Medium,27,10000000,14.24,True
SME0077,Finance,4,1741597,521,19076143,False,OEJTZ8492S,,High,28,9218425,16.7,True
SME0078,Healthcare,20,2141858,349,24820727,True,ZYALI7042Y,32EAYPG2683D39,Medium,50,10000000,14.6,True
SME0079,Education,2,615367,476,6678404,True,UXSKY4144X,29RQEAC0602J32,High,22,460284,16.9,False
SME0080,Services,16,2580034,484,31669936,False,IXGFO1043F,,High,83,171515,16.21,False
SME0081,Healthcare,6,4719409,534,56221999,True,TEULL6401A,29CSVHS1219Z2K,Medium,43,733873,14.28,False
SME0082,Textile,8,2091344,348,23669730,True,KZSRU9352B,36GDHCR7913C1Q,Medium,25,10000000,14.09,True
SME0083,Education,18,928647,416,11491041,True,USTWH8230A,27LLWZF4496H3A,High,13,608770,16.64,False
SME0084,Tourism,3,2015088,597,26459146,False,GGZVD1829W,,Medium,54,273980,12.82,False
SME0085,Real Estate,14,2832635,564,36176706,True,ZURWS6823U,33OTHPK0274W2K,Medium,21,10000000,12.45,True
SME0086,Textile,11,2586133,336,30860741,True,JLXQE1638Q,06DMPAO6140U25,Medium,43,10000000,14.63,True
SME0087,Manufacturing,20,986683,369,12570244,False,PQPQR4082G,,High,18,5023063,16.75,True
SME0088,Education,10,1793993,434,21861134,False,YMXSZ4315X,,High,25,291731,16.75,False
SME0089,Healthcare,0,1293562,448,16420032,True,AYFYP2790L,32IQFMA5679Q3X,High,14,495396,18.0,False
SME0090,Transport,1,1986895,453,21968542,True,TNRAW7013O,09NKTYT4745E16,High,36,521926,16.75,False
SME0091,Textile,13,971737,432,12745849,True,GQFYP9159P,32JMXWR2603L2D,High,20,552655,16.09,False
SME0092,Food & Beverage,2,2915305,539,38300959,False,PUIPS1486V,,High,76,221793,17.24,False
SME0093,Food & Beverage,5,1731794,563,22211558,True,PBUIY1304W,06MHUBS0165R19,Medium,37,10000000,12.66,True
SME0094,Finance,10,3608218,520,44534841,True,QRWEX4412N,27WENCZ0165Q2Y,Medium,51,10000000,14.91,True
SME0095,Finance,10,3488275,431,42731640,True,KSWSO5430S,33CQJUH1323X4P,Medium,77,10000000,14.19,True
SME0096,Tourism,20,753181,586,8670333,False,DHZWL3618D,,High,11,630619,14.69,False
SME0097,Manufacturing,2,5498053,593,64406910,True,WNWIT3096W,32QVWLC8424R4J,Medium,121,10000000,13.24,True
SME0098,Food & Beverage,19,1628185,439,19012159,False,CYLSO4333G,,High,16,604739,16.26,False
SME0099,Finance,20,6507172,498,80183066,False,NTKDJ3734I,,Medium,196,623164,14.73,False
SME0100,Education,8,656588,606,7795969,True,MWPAU6298X,23TGQYU3246B3Y,Medium,2,5654558,12.77,True
SME0101,Healthcare,20,5009464,527,59429672,False,KFXPX3172S,,Medium,87,10000000,14.16,True
SME0102,Trading,0,3652299,547,46302505,False,WDKKZ2695E,,High,61,927086,17.8,False
SME0103,Retail,6,1012954,395,13171570,True,MLXHC1604J,33LRHLK1688U2M,Medium,41,4903318,14.5,True
SME0104,Retail,10,687008,578,8182307,True,XWNBF9906U,36BAUYW4989L4C,Medium,12,3807616,12.33,True
SME0105,Agriculture,15,437407,470,4787093,False,ZHYJF6361A,,High,17,2607289,16.67,True
SME0106,Tourism,18,2033938,496,26417615,True,KFZVF3398D,19HZDDT2530X4Q,Medium,72,10000000,14.08,True
SME0107,Food & Beverage,0,1035205,499,13013447,False,LAXBN1551P,,High,38,181507,18.0,False
SME0108,Tourism,9,2912645,567,33738922,False,YDWSU4465O,,Medium,76,10000000,12.15,True
SME0109,Healthcare,12,3426707,581,39794746,True,NWNRO6206L,29MMVVH7673U1N,Medium,70,684428,12.96,False
SME0110,Construction,3,4919712,420,53148622,True,TTBXZ0494N,33GMITT1098T21,Medium,89,10000000,15.1,True
SME0111,Retail,17,2721757,416,35521077,False,KJURO5638T,,High,24,601224,16.85,False
SME0112,Services,15,1512999,513,17029837,True,NJCWX1197G,23QKCON7232G16,Medium,33,9342000,14.36,True
SME0113,Manufacturing,1,5940423,399,77579408,True,WCCWI5872U,33RJSTQ9579X2R,Medium,137,515922,14.86,False
SME0114,Tourism,17,659058,600,8625171,True,NTSMY7636L,09FMSJR1497S48,Medium,18,4560629,12.4,True
SME0115,Retail,12,2218556,580,25582707,True,BQDRN8035W,24HFOMN2384Y2X,Medium,89,812409,12.91,False
SME0116,Food & Beverage,3,607113,588,7041239,False,EDJUK2736K,,High,20,534681,15.24,False
SME0117,Education,3,2719158,545,29630443,True,ZJPMK5744Y,19MKPCU1435B20,Medium,93,10000000,14.74,True
SME0118,Healthcare,4,4065425,472,51952437,False,KCIDM6405T,,High,77,10000000,16.59,True
SME0119,Food & Beverage,17,2549670,681,30426841,True,HGRLF6190R,27NGIWM8174C3N,Low,62,10000000,9.06,True
SME0120,Education,1,2129380,571,25552338,True,GCOGW4257X,36BPHVO9096M2F,Medium,86,9940578,12.79,True
SME0121,Construction,1,1613196,552,19890467,True,ZJAJK0333T,33ZDMDM7716W3P,Medium,37,8322747,13.34,True
SME0122,Construction,6,1352292,507,15593689,True,LLWPM8332G,27IJLOA6514K1G,Medium,43,8476902,14.47,True
SME0123,Retail,20,711194,339,9197238,True,PCUSN6241I,06UDYDE1620K3O,High,23,3514257,16.92,True
SME0124,Manufacturing,20,3456281,520,38494906,False,JKMOX4724N,,High,30,10000000,16.3,True
SME0125,Transport,0,2961591,421,35992193,False,VFVHG6627G,,High,85,123129,17.57,False
SME0126,Services,8,1440711,651,15604009,False,FSBSO8291M,,Medium,10,10000000,10.99,True
SME0127,Food & Beverage,15,2731930,634,34068812,True,EKJZA4680I,23ZFAOZ5442M29,Medium,75,10000000,12.5,True
SME0128,Transport,12,601511,670,7451954,True,BXXVZ6330S,29PUZEA0040Y4C,Medium,20,415371,10.49,False
SME0129,Real Estate,0,4728856,484,54798625,False,ZMAWP8279S,,High,45,791356,18.0,False
SME0130,Real Estate,0,5530485,450,72027650,True,JPPAJ0580C,23BQNPU2836V14,High,180,964746,18.0,False
SME0131,Food & Beverage,4,2652657,524,33443683,False,PALPH7585X,,High,92,10000000,16.6,True
SME0132,Real Estate,8,4378729,561,51668060,False,LKKIG1095T,,Medium,76,10000000,12.97,True
SME0133,Real Estate,4,4664757,441,60369191,False,QIBEI4437J,,High,87,331587,17.3,False
SME0134,Trading,4,834700,467,9616426,True,GTLZJ5770S,09ZJXOT8250X2S,High,12,663911,17.32,False
SME0135,Technology,14,3708213,583,48308639,False,IVASC7889M,,Medium,59,10000000,12.01,True
SME0136,Real Estate,18,1541076,394,18951093,True,VMIEC6630E,29WBHDK5087Y1K,Medium,44,306113,14.5,False
SME0137,Retail,9,332378,659,3764963,True,EFLHD6945W,29IFQTU2089H2E,Medium,11,3178912,10.05,True
SME0138,Education,11,1116573,482,12366054,True,BPLCJ0759F,36KPLST7143G3W,Medium,21,6330269,14.18,True
SME0139,Technology,10,7892598,560,89563647,False,KDNVA3597Z,,Medium,198,10000000,12.04,True
SME0140,Transport,10,847884,385,10478105,True,NCIBN1634M,32PTPUN6402J31,High,10,4730171,16.15,True
SME0141,Trading,4,1563339,407,19039909,True,YQQYY6991I,29EVKMH2541A3L,High,43,218039,17.23,False
SME0142,Trading,7,3607644,604,44113686,False,QSFRQ3122E,,Medium,92,136067,12.26,False
SME0143,Real Estate,16,689243,455,7647360,False,JMNAD4185Z,,High,24,585073,16.26,False
SME0144,Healthcare,15,3164052,528,34946100,True,XDHVA7973A,29HSEEA2704D2S,Medium,36,328074,14.91,False
SME0145,Agriculture,15,1011748,441,12319969,False,NMKNX9416W,,High,49,513461,16.96,False
SME0146,Retail,10,3572441,597,39906194,False,SVNHZ6596Y,,Medium,68,103099,12.62,False
SME0147,Real Estate,1,911522,644,11962715,False,VVDBQ9223G,,High,18,452304,14.87,False
SME0148,Real Estate,5,3627676,318,45259858,True,NLTJT4328B,27MAUBJ4011X3C,Medium,89,10000000,14.8,True
SME0149,Agriculture,19,1081130,595,13767024,False,JHJKK0670T,,Medium,15,10000000,12.32,True
SME0150,Real Estate,7,4541553,484,50844249,False,NXPGE9928X,,High,93,508097,16.88,False
SME0151,Transport,13,749269,341,8477869,True,MOKPG7898Y,19AHPEF9617D3K,High,18,237048,16.62,False
SME0152,Trading,1,1336792,512,17140756,False,GZHVV6681K,,High,46,504557,17.37,False
SME0153,Retail,20,680105,618,8186351,False,WTSWN5349F,,High,15,3007999,14.45,True
SME0154,Manufacturing,7,4543683,358,56305553,False,GOUOM6573T,,High,57,10000000,16.71,True
SME0155,Construction,15,2380573,659,26837990,True,FBYZG1873V,06XIPWV8664C4Y,Low,45,568624,9.02,False
SME0156,Tourism,0,1007814,444,12185955,False,SBEFJ1462K,,High,39,756029,18.0,False
SME0157,Finance,19,5459167,550,67006478,True,SEDDC2739Y,24JATIP1004S4J,Medium,187,701734,12.03,False
SME0158,Manufacturing,20,2696621,559,31345546,False,WJWIY4822I,,Medium,43,10000000,12.12,True
SME0159,Education,15,2947692,489,37687233,True,GDFOS4498N,09FIHOS5877B3I,Medium,81,10000000,14.1,True
SME0160,Education,12,1296387,632,15255878,True,FAOCA9851B,24XLQAR9553I3F,Medium,30,10000000,12.15,True
SME0161,Retail,8,3917900,382,47698291,False,RXODQ3218V,,High,87,10000000,16.75,True
SME0162,Education,19,1081634,364,13472720,False,XNCMS8948K,,High,20,483238,16.07,False
SME0163,Tourism,9,1435906,433,18718672,True,UWVOE7584G,23EQMXH4398M1D,Medium,46,8302030,14.94,True
SME0164,Real Estate,3,2674302,396,34261537,False,JEARU5020V,,High,37,214175,16.51,False
SME0165,Tourism,9,1570985,607,17019245,True,HTZBO6703K,32MNCGH9665B3W,Medium,24,10000000,12.99,True
SME0166,Technology,4,5937640,484,72707963,False,LJTTR0281R,,High,121,890805,17.31,False
SME0167,Construction,1,4376912,569,54565363,True,IADBX0190A,09NPZTM4331K2F,Medium,34,10000000,12.62,True
SME0168,Tourism,4,2116213,473,25137935,False,ZXQFY7625X,,High,28,605163,17.32,False
SME0169,Textile,17,348553,333,4255062,False,BDECI4288F,,High,1,520479,16.13,False
SME0170,Trading,12,3908209,499,43355959,True,BDTLQ9933B,19WJFHL0929V1O,Medium,37,178127,14.86,False
SME0171,Textile,17,1276331,324,16317359,False,LPELG9339P,,High,13,760834,16.52,False
SME0172,Finance,14,5818342,524,66267867,True,WFFVU5220A,09HETQZ0892J1S,Medium,155,10000000,14.02,True
SME0173,Agriculture,13,2661318,452,30418292,True,TFJGX2306K,32DOKHK4975E2B,Medium,64,321988,14.53,False
SME0174,Construction,5,1884442,501,22456682,True,JYQUH8643N,24OMJSC4978J1E,Medium,22,7966110,14.65,True
SME0175,Transport,12,475939,473,6179143,True,NNXIP5995A,29TXPHT0641I1H,High,13,788309,16.09,False
SME0176,Manufacturing,3,3014203,390,37558649,False,MEQTU3231Z,,High,55,534655,16.99,False
SME0177,Agriculture,19,2524313,537,32721920,True,HLUQP8140X,06KGNSK7368N2V,Medium,44,10000000,14.37,True
SME0178,Food & Beverage,6,631001,354,8276092,True,BOVPB8496J,24RMJOC7396Y4Y,High,23,3529197,16.74,True
SME0179,Trading,16,1529776,362,16949000,True,GHOPS8811O,27PGVPG7429V2X,Medium,38,783594,14.63,False
SME0180,Transport,13,2317531,477,29698469,True,RLZFD4768W,29ATKKC8775S2P,Medium,36,852899,14.28,False
SME0181,Healthcare,19,5087523,617,56773941,False,EMAVB8979X,,Medium,82,10000000,12.01,True
SME0182,Food & Beverage,7,725673,514,8661886,True,QAJDW1561U,23INGBV2636N17,High,19,2326921,16.27,True
SME0183,Technology,12,2847281,435,36737982,True,FANPA8040T,29OLXVF5808T4K,Medium,35,922712,14.9,False
SME0184,Trading,3,1579699,570,17653848,True,XMKCR5277I,32TIWVF2900K4U,Medium,16,10000000,12.62,True
SME0185,Construction,20,1162114,538,14734703,False,LGXAX5575P,,High,34,519580,16.78,False
SME0186,Retail,6,2405258,417,26523024,True,TCDYL4564D,27TGABU9333R4U,Medium,71,10000000,14.94,True
SME0187,Retail,9,669041,417,7268905,False,RUVLC6113W,,High,23,344535,16.76,False
SME0188,Tourism,12,2506939,462,33082010,True,ZHSRE7288G,19YDUDI4540J45,Medium,36,10000000,14.5,True
SME0189,Food & Beverage,6,827635,556,9014727,True,RZIIB5962K,27ABOHE5031E2Q,Medium,17,7924025,12.12,True
SME0190,Agriculture,19,406713,479,5092394,True,OCTPB2659E,06CZAZK5644U1A,High,12,1805682,16.08,True
SME0191,Food & Beverage,9,459156,350,5915761,False,QLMJS4069R,,High,21,2021065,16.73,True
SME0192,Education,17,2205379,398,25383451,True,GEDEY2949I,23OOIJW9160X1P,Medium,100,10000000,14.27,True
SME0193,Transport,7,2285259,461,27962685,False,IEXJB6255W,,High,61,224512,16.59,False
SME0194,Real Estate,2,4786986,325,60634433,False,IEVXK0163F,,High,83,968116,16.52,False
SME0195,Retail,9,451071,634,4947684,False,SWGVP8709G,,High,13,543566,14.45,False
SME0196,Food & Beverage,18,2816897,624,35550726,True,ABYBF7571X,32HXKVU0064X2K,Medium,57,418049,12.65,False
SME0197,Agriculture,17,679720,437,7679213,False,XQBRW5435S,,High,12,3346093,16.22,True
SME0198,Food & Beverage,7,2617457,558,31510963,False,WNFUC5219R,,Medium,21,10000000,12.66,True
SME0199,Technology,17,1278025,584,16069397,False,QIKFX2234A,,Medium,15,140975,12.29,False
SME0200,Services,2,251027,449,3257819,False,CIESR8818V,,High,19,787216,16.94,False
SME0201,Manufacturing,15,3845122,518,42868608,False,MWRPA7519N,,High,76,10000000,16.61,True
SME0202,Education,7,811902,552,9743144,True,ZXMVG1070C,32KZNCV2477T2K,Medium,22,4616458,12.02,True
SME0203,Manufacturing,8,5111692,501,65139775,False,FUTBZ3254K,,Medium,91,10000000,14.3,True
SME0204,Technology,4,1842739,594,20881825,True,ASGPB7727B,23OCBZC1469C2F,Medium,32,9940228,12.64,True
SME0205,Agriculture,10,2430738,517,28222307,True,TYJFZ8801V,24OQBSQ4965R34,Medium,95,854996,14.24,False
SME0206,Construction,0,2896254,609,33587481,True,FCFLZ0295P,29BFNGM2668S2T,Medium,30,192212,13.94,False
SME0207,Retail,17,3860603,417,43423587,True,FLUNZ3808G,24XYMZI4300Y2U,Medium,48,10000000,14.39,True
SME0208,Tourism,5,2880424,472,32493840,True,ADJSL0752V,24ZHROT9449G44,Medium,59,10000000,14.15,True
SME0209,Real Estate,18,3339124,635,42661397,True,MGHLV5790O,06NBRBI1710E29,Medium,53,10000000,12.25,True
SME0210,Finance,12,2310523,432,27012639,True,HJIHX7110X,33XFKCH4300G39,Medium,55,10000000,14.09,True
SME0211,Construction,0,522133,591,5690016,False,PFHCY4427X,,High,13,2753517,16.15,True
SME0212,Trading,0,3872816,673,45375951,True,VRYNS1177D,06GNMIG8062H2G,Medium,92,10000000,12.48,True
SME0213,Food & Beverage,13,507902,574,5728337,False,TKPOD3577P,,High,7,218488,14.88,False
SME0214,Services,18,3640216,534,40728978,False,OLINY1376U,,High,47,420932,16.61,False
SME0215,Trading,4,1595343,469,19411263,True,OYQBX9163F,29KGSHX8987U1J,High,48,949327,17.35,False
SME0216,Food & Beverage,16,2763469,653,33481890,True,QPPGB2055B,23BDAPD5085J4C,Low,67,10000000,9.55,True
SME0217,Real Estate,18,1322418,527,14840809,True,JUSOJ7276B,09WRFTJ8249D47,Medium,39,9566107,14.05,True
SME0218,Agriculture,9,478020,568,5727704,False,NNEMN0648U,,High,21,452816,14.06,False
SME0219,Tourism,10,2867515,549,35616985,True,OVMUR0498U,27WWTJT0709I2D,Medium,86,400922,14.74,False
SME0220,Healthcare,19,3927651,420,48316537,False,RPZGS7748R,,High,34,10000000,16.89,True
SME0221,Tourism,7,1988823,643,22590172,True,YUUTO1551G,36MUVOJ6617Q3T,Medium,47,10000000,12.14,True
SME0222,Tourism,13,1983453,540,25651493,False,VZAIK4908O,,High,50,941171,16.98,False
SME0223,Finance,20,6695250,542,82176503,True,ZRVZJ7017F,36VGUMV2555P3G,Medium,132,655495,14.58,False
SME0224,Technology,6,3746943,434,47877293,True,ATZGW2760V,06JZDBO0250F47,Medium,88,342599,14.74,False
SME0225,Transport,20,609655,432,7406617,False,KAXLM0017G,,High,14,657413,16.85,False
SME0226,Finance,2,7451961,448,86609591,False,GAQGU1735G,,High,71,963042,17.39,False
SME0227,Textile,11,2591974,592,29628553,False,YEJAS1572N,,Medium,78,678242,12.76,False
SME0228,Manufacturing,10,5320965,439,62760728,True,XLWTH3244W,36LVDCX7880H2G,Medium,64,10000000,14.89,True
SME0229,Tourism,15,2025778,568,24045403,True,PLZDV3771W,06XZXWF7617K19,Medium,36,10000000,12.22,True
SME0230,Education,20,771657,552,8378040,False,UIPEA2929X,,High,9,114628,14.21,False
SME0231,Education,6,1945250,468,23747875,False,UTUWG6591Q,,High,18,10000000,16.73,True
SME0232,Food & Beverage,14,2118133,482,23451042,False,AWVJB2725N,,High,48,295848,16.45,False
SME0233,Services,11,2109861,471,25760356,True,MGJLU2111E,33YUFQL4222Z39,Medium,45,10000000,14.5,True
SME0234,Manufacturing,14,1310484,634,15194662,False,KRKQI2903Y,,Medium,29,563271,12.95,False
SME0235,Transport,3,2127188,374,27715944,False,FKZQB3892Z,,High,86,569026,17.36,False
SME0236,Tourism,17,2428381,336,31269583,True,NLAKS8984R,19XZGHL0336J3D,Medium,64,10000000,15.0,True
SME0237,Retail,9,1978248,524,22363048,False,NMWOV3994U,,High,43,405903,16.52,False
SME0238,Food & Beverage,4,1979444,478,23892277,False,UNYFK3039N,,High,44,5715720,16.9,True
SME0239,Healthcare,14,2654937,512,34772625,False,WQOKR6342O,,High,52,10000000,16.07,True
SME0240,Real Estate,19,702232,445,8055649,False,VPUAQ9930V,,High,10,3156534,16.98,True
SME0241,Transport,13,1783425,528,22076170,False,WPBYD1669R,,High,37,564328,16.61,False
SME0242,Transport,19,2500321,380,30494148,True,EQSIE2106X,32AITKS4572M41,Medium,60,10000000,14.23,True
SME0243,Finance,8,7966494,467,91376074,True,GCRGV8143C,27ZAJSR7162D3I,Medium,114,223652,14.18,False
SME0244,Agriculture,8,146929,436,1836414,True,MVUMO2861Q,36MUNXR1883C4U,High,9,516479,16.51,False
SME0245,Finance,12,6286542,400,68453463,False,VETPG9753C,,Medium,155,10000000,14.83,True
SME0246,Agriculture,19,2486162,421,32601428,True,ZSHWR5914E,19WARJY0567T42,Medium,94,779214,14.82,False
SME0247,Transport,11,2537803,606,28344118,True,OFOCN9563S,27NNYSQ5380F40,Medium,98,10000000,12.08,True
SME0248,Agriculture,13,933129,494,11968852,True,GEPLZ1465P,36QKHCE2997Z12,High,17,4134030,16.59,True
SME0249,Trading,19,1612102,453,20224370,False,HRERM5775S,,High,43,722837,16.37,False
SME0250,Transport,1,1827002,436,22067878,True,PPEMB8425H,36EGHUK8565I46,High,45,627257,16.91,False
SME0251,Finance,13,5291133,383,63343582,False,AQQRM7971F,,Medium,94,10000000,14.49,True
SME0252,Finance,14,1634753,454,21050058,False,TBLNO6467Y,,High,33,169162,16.05,False
SME0253,Healthcare,3,4928397,329,61323223,True,IIVEE9204U,23TDKAQ6977B48,Medium,67,10000000,14.67,True
SME0254,Food & Beverage,11,2783613,686,30296103,True,LXIRS6144F,33PAUAL0049P1T,Low,87,10000000,9.24,True
SME0255,Healthcare,9,7268738,593,90539253,True,EPBZR9724F,09XNCSS3932R24,Medium,50,10000000,12.61,True
SME0256,Textile,20,780726,365,8720638,False,CRSET0821T,,High,2,326235,16.14,False
SME0257,Healthcare,15,6819486,617,81492712,True,HTGSA4501P,23EUIGY7528E1I,Medium,63,669752,12.57,False
SME0258,Tourism,14,1346417,498,16861932,False,BQGOM4374X,,High,43,591488,16.81,False
SME0259,Food & Beverage,6,2212423,486,25708978,False,LQDTR9466I,,High,64,660868,16.03,False
SME0260,Healthcare,0,5392617,518,68223972,True,WRSYU3749X,33QZVBX1850G1H,High,131,10000000,17.64,True
SME0261,Textile,2,1002639,449,11038710,False,OMRAM4178W,,High,40,5013323,16.94,True
SME0262,Retail,17,1901809,636,24175766,True,ICCSV3130N,24LIYIB9450U3W,Medium,13,10000000,12.8,True
SME0263,Education,14,1936778,571,25126704,False,IBVTY1860F,,Medium,35,10000000,12.67,True
SME0264,Technology,14,4802869,551,58346578,True,RXQAJ3998A,29QQSRE0747F45,Medium,23,398501,12.14,False
SME0265,Food & Beverage,13,193772,576,2324844,True,YGYNC5042K,33HWKAE1075Q21,Medium,5,1421898,12.51,True
SME0266,Healthcare,14,5966662,478,77671899,True,MQJSD4705G,36NNFWH2042P3B,Medium,180,10000000,14.46,True
SME0267,Food & Beverage,1,1188448,509,14689875,False,BKAQS8453C,,High,48,5408520,16.77,True
SME0268,Technology,6,2919971,472,32373148,True,DFHYX3578P,33YRERM0698T2I,Medium,20,10000000,14.81,True
SME0269,Retail,7,1759586,367,21072626,True,KOBKZ5003K,27GVYFO7989A2D,Medium,35,10000000,14.97,True
SME0270,Textile,0,1674221,594,21191296,False,ZVPWY7248V,,High,29,384893,15.59,False
SME0271,Tourism,12,2082393,440,23143365,True,JWUPP6203S,27CROZU4259J3N,Medium,93,263024,14.72,False
SME0272,Healthcare,3,3220196,540,39977429,True,DWYNZ1888D,32SXOFO9376B3J,Medium,71,10000000,15.31,True
SME0273,Education,12,842164,460,10249037,False,KZLLT8160Y,,High,25,5139877,16.56,True
SME0274,Food & Beverage,1,651690,407,8285449,False,PXFKW5365X,,High,9,399778,16.73,False
SME0275,Real Estate,16,2525383,458,31273246,False,OHDLV6939B,,High,42,248526,16.57,False
SME0276,Food & Beverage,11,1880075,409,24803904,False,ANCQG3443L,,High,49,8169327,16.63,True
SME0277,Finance,3,5846880,479,64784259,True,XMZSO9072H,19MMMVQ0312J30,Medium,68,10000000,15.07,True
SME0278,Tourism,3,2733349,521,32832794,False,FTFZB6173U,,High,67,10000000,16.56,True
SME0279,Agriculture,16,406154,616,4927779,False,OWSNN2736P,,High,3,836402,14.99,False
SME0280,Manufacturing,16,980105,554,11947713,False,DTNHN7593U,,High,8,412546,14.32,False
SME0281,Food & Beverage,19,1559361,663,19961635,False,WCGFG5130Y,,Medium,48,698556,10.24,False
SME0282,Retail,0,1782100,434,22238762,True,ZNVCQ4153I,19EHSBM4221E42,High,29,438267,18.0,False
SME0283,Finance,16,7768250,577,90497996,True,NWWYB2157S,06MWVGZ4153E3J,Medium,113,10000000,12.66,True
SME0284,Retail,19,751277,544,9002424,True,WZLGO6560S,06OKITW7427B4E,High,3,283213,16.24,False
SME0285,Finance,7,1810724,672,20138106,True,REWRM8634K,27QXLYB2611W41,Low,47,10000000,9.18,True
SME0286,Construction,6,2323399,488,26831819,False,VHXQS1469Z,,High,45,924491,16.91,False
SME0287,Technology,11,2421039,557,27167215,False,WNADR9461V,,Medium,82,10000000,12.17,True
SME0288,Finance,11,6285630,617,73313868,False,MULDS5438L,,Medium,86,761537,12.29,False
SME0289,Tourism,7,1748809,436,22285200,False,ZAHZQ1329N,,High,44,397266,16.36,False
SME0290,Trading,13,2362331,637,26452934,False,YXPHX0640B,,Medium,22,649037,12.81,False
SME0291,Finance,3,7754102,363,96999793,True,XERGY2244B,24RKTVY5529X4H,Medium,157,10000000,14.79,True
SME0292,Real Estate,1,1503053,569,18483159,False,IRLVF1891K,,High,20,426107,15.15,False
SME0293,Textile,20,223934,419,2479169,True,IRFLO9855F,36KWKJC1621X1D,High,2,491159,16.93,False
SME0294,Food & Beverage,8,185073,553,2427598,True,OJMRD0530X,06GJFSP2268Q3K,Medium,17,1444620,12.18,True
SME0295,Food & Beverage,9,2211047,520,28275177,False,OMXXV9359Y,,High,44,126744,16.36,False
SME0296,Food & Beverage,3,1164309,417,14022924,True,LFWDE7452P,06XOIHE4464U2J,High,43,712690,16.62,False
SME0297,Food & Beverage,15,1837422,427,22951605,True,YAOAQ5812T,32WKERB3806T2B,Medium,19,10000000,14.56,True
SME0298,Agriculture,15,2450713,572,27857287,False,TVUMO7887V,,Medium,24,10000000,12.21,True
SME0299,Finance,10,5953946,503,77129431,False,MVISF6343C,,Medium,141,10000000,14.23,True
SME0300,Tourism,10,1805729,501,21711707,True,AIPLA5384Y,06ZROEX9126K3E,Medium,27,290079,14.25,False
SME0301,Transport,4,1841210,377,23169593,True,BEIPX6334W,23VAFFB5623Y2H,High,16,140913,16.54,False
SME0302,Real Estate,13,5651030,590,68299817,False,RDHYY1766Y,,Medium,150,149408,12.06,False
SME0303,Retail,14,1977196,402,22337286,True,FZRUO0487V,09RUOSH4031Z3K,Medium,39,9840799,14.21,True
SME0304,Agriculture,10,1137704,451,13469285,True,QWJOX1678I,32RKSTH3417C2S,Medium,23,787354,14.74,False
SME0305,Finance,20,3125053,449,35519948,True,HVIED9538J,09DGYAV9481H30,Medium,56,10000000,14.58,True
SME0306,Healthcare,16,3619387,468,43342364,False,VAIQS7403S,,High,72,10000000,16.11,True
SME0307,Transport,3,2833216,683,36769416,False,LQWOY0618L,,Medium,40,10000000,11.08,True
SME0308,Transport,10,2809313,351,30846706,True,GWTVT2979E,06MCISJ2509W20,Medium,23,10000000,14.33,True
SME0309,Real Estate,6,4139628,460,50355527,True,FYOCE9106U,33IWKDY4863Y23,Medium,57,10000000,14.07,True
SME0310,Technology,6,1757289,516,23143862,True,JNZNS0971C,09EKQFF8535H2N,Medium,44,7457611,14.36,True
SME0311,Technology,11,4621601,346,50330544,False,ULVWH5405U,,High,81,10000000,16.44,True
SME0312,Services,7,676333,441,7325752,False,SPSXD5446I,,High,8,3350752,16.93,True
SME0313,Technology,7,5164774,657,62133531,False,TMKCD3404X,,Low,159,10000000,9.99,True
SME0314,Construction,11,3988924,520,50648700,True,TCPWH5651A,24UCFJA0168D3O,Medium,97,10000000,14.16,True
SME0315,Manufacturing,7,4293217,526,49428213,False,FDBPE0772N,,High,89,790029,16.06,False
SME0316,Textile,17,600016,561,6812906,False,JVVUE1015C,,High,3,285237,14.59,False
SME0317,Food & Beverage,1,1123590,427,12640466,False,ZKZUV8443I,,High,18,696490,17.46,False
SME0318,Trading,10,856736,485,11292493,True,RCXCV6347X,23TQUJQ7481U30,High,18,921325,16.25,False
SME0319,Food & Beverage,6,2255414,338,25111218,True,YFOEE9418B,09FUVQR3976J4K,Medium,30,10000000,14.19,True
SME0320,Food & Beverage,15,1149824,410,14363236,True,DTNRC1146Y,36ETRMR6794P4G,Medium,35,6947285,14.94,True
SME0321,Tourism,9,145314,588,1898572,True,SWSCF5314N,27DLZDB5563I37,Medium,1,1173519,12.71,True
SME0322,Construction,11,2443792,520,26781387,True,JFTGV3236Z,27BSNVY5607G4M,Medium,62,9767186,14.74,True
SME0323,Healthcare,2,5879784,540,67162897,True,QNSIZ0003R,09YGALR5733O46,Medium,112,186928,15.15,False
SME0324,Transport,15,2442369,570,32036401,True,WDPAD8682I,09SVXDZ8849Q3Z,Medium,34,10000000,12.32,True
SME0325,Services,5,2095210,504,24839656,False,TXFAV8491L,,High,24,685253,16.6,False
SME0326,Transport,2,1506984,541,18576797,False,FLURF1849E,,High,32,4990442,16.86,True
SME0327,Healthcare,0,5063924,569,64687935,True,MIHNB6092H,24DADFW9315Z36,Medium,50,10000000,14.32,True
SME0328,Tourism,8,1156668,463,12963766,False,BKVDZ5988X,,High,33,4781630,16.92,True
SME0329,Food & Beverage,5,870039,632,9805852,False,YHXLO1380O,,High,11,420689,14.43,False
SME0330,Education,2,114932,538,1384913,False,YXCIC9735H,,High,13,533943,16.75,True
SME0331,Agriculture,4,2597187,610,33828640,False,GXQPI6630O,,Medium,79,282791,13.4,False
SME0332,Technology,16,3442857,435,42152342,True,DMIIH0441Y,29DSUCK9703K4I,Medium,82,10000000,14.45,True
SME0333,Technology,19,5281018,533,60596471,True,YXCHZ4947G,29VQWYN4526G4V,Medium,55,362129,14.3,False
SME0334,Retail,6,1981688,457,21885369,False,OHFDO1084N,,High,39,10000000,16.04,True
SME0335,Services,5,962447,320,12633111,False,ESWUV4159B,,High,15,475478,16.38,False
SME0336,Technology,9,6156024,577,69491612,False,AQHRK2587V,,Medium,187,616029,12.1,False
SME0337,Technology,14,2131242,581,23952943,False,ABWXT9583X,,Medium,39,10000000,12.69,True
SME0338,Technology,12,5533247,541,67702041,True,DWEJN1366R,09RXORN9695K4Z,Medium,136,10000000,14.52,True
SME0339,Tourism,11,361585,452,4102123,False,XXDIS2402Z,,High,17,752555,16.96,False
SME0340,Services,13,2095059,571,27158505,False,GQIVB5209Z,,Medium,69,824434,12.94,False
SME0341,Construction,6,1275820,500,14766172,False,AWYZK5298T,,High,13,973295,16.53,False
SME0342,Education,12,430847,403,4718396,True,XNGZR2114M,29CDOSJ1298O4Q,High,3,542020,16.64,False
SME0343,Trading,12,1439842,336,15601828,True,JXEQN1154F,24JPDTS8488O1I,Medium,22,8626651,14.6,True
SME0344,Education,11,152493,585,1960613,False,LHUWP8431Q,,High,4,683882,14.96,False
SME0345,Education,1,540005,429,5884838,False,JPIEH4766I,,High,8,109669,17.41,False
SME0346,Education,12,125213,562,1370839,False,REDIV7291Q,,High,11,931568,14.04,False
SME0347,Trading,1,981124,484,12056416,True,TWYLP9319T,33ALVMI3042M3E,High,22,441919,17.43,False
SME0348,Food & Beverage,6,152577,501,1709683,False,ZMDYI1986D,,High,6,677810,16.58,False
SME0349,Textile,2,2560677,648,28890158,False,KOKZD4213W,,Medium,59,10000000,12.87,True
SME0350,Construction,12,813659,436,9062209,False,OGTUQ8390P,,High,23,4598754,16.81,True
SME0351,Trading,0,2536656,678,32525850,True,VLVFW7597R,32RXZJK5027I45,Medium,28,494976,11.57,False
SME0352,Education,11,859078,550,11300480,False,CWNAI7519M,,High,5,490644,14.08,False
SME0353,Agriculture,2,774108,576,9541056,False,MBVJZ9419S,,High,20,158653,14.9,False
SME0354,Education,4,1947407,395,25639123,True,VAOYH6175Q,36IGFRP8943P48,High,42,735993,16.65,False
SME0355,Technology,15,1127557,456,14849458,False,TCRUK6558E,,High,24,208929,16.83,False
SME0356,Agriculture,20,2292119,454,26989075,False,VZVDZ6845L,,High,34,921923,16.82,False
SME0357,Manufacturing,16,2392687,691,27271032,False,HURRV0812R,,Medium,59,585316,10.12,False
SME0358,Transport,11,2841737,472,32511365,True,ROELI3954L,23EPHZY6157H4D,Medium,88,10000000,14.87,True
SME0359,Finance,11,2013375,356,25279506,False,HYZHQ6835Z,,High,54,10000000,16.98,True
SME0360,Services,14,3236227,475,41977966,True,UKBFX5463F,33KQFQD6933Q1E,Medium,96,10000000,14.83,True
SME0361,Services,14,2009813,530,25659039,True,JTZJC4547J,29YFWXE1232T43,Medium,96,983925,14.22,False
SME0362,Services,6,1163972,685,12963241,False,MCNJJ5054U,,Medium,27,10000000,10.89,True
SME0363,Agriculture,14,1305008,412,15996528,True,YAQHU9182R,32XMBXV5927R3I,Medium,19,467330,14.99,False
SME0364,Tourism,12,1740909,423,21013579,True,AOVIL4951S,19VXPQY9140H2U,Medium,46,9974054,14.57,True
SME0365,Trading,20,3126101,403,35187561,False,JTHKF2049N,,High,54,941093,16.36,False
SME0366,Food & Beverage,11,1232800,466,14366698,True,JRLNV5061T,19SHKHO5610Z4C,Medium,29,8325543,14.13,True
SME0367,Tourism,11,693768,416,7677998,True,MOPHC2570L,36ZBYZX9875T28,High,9,740642,16.98,False
SME0368,Textile,8,2841513,661,35644896,True,UBRLU5927D,29RCGZF5575I38,Low,55,10000000,9.36,True
SME0369,Retail,16,1783990,568,23418459,True,NEXBM1484R,32ZTKLQ9723R45,Medium,34,10000000,12.8,True
SME0370,Healthcare,16,5038753,588,55259800,False,NAEQD0087V,,Medium,117,322724,12.01,False
SME0371,Education,5,1254633,506,14242774,True,VUCSC0241I,23WWBHO9280Y1A,Medium,43,606919,14.5,False
SME0372,Transport,10,430263,595,5572833,True,RBTJB5305O,23WBFEN5350L13,Medium,18,2704814,12.7,True
SME0373,Textile,14,2892589,458,38156094,False,KDKOU0875S,,High,43,391234,16.82,False
SME0374,Tourism,16,1309674,396,14536645,False,FYWLT5712G,,High,34,963588,16.88,False
SME0375,Education,13,2657000,679,32251451,False,BXPRU7054P,,Medium,23,10000000,10.21,True
SME0376,Trading,20,2770410,407,36353197,True,ESVCZ1748E,33LEWXN0222R3E,Medium,33,10000000,14.62,True
SME0377,Trading,19,737810,566,9081275,True,GNJTN2299N,24LACHW2647V2B,Medium,20,6448930,12.69,True
SME0378,Agriculture,19,1325241,427,16259924,True,CTYGM7568G,24UKEUD9217A3A,Medium,30,10000000,14.8,True
SME0379,Manufacturing,4,5694954,623,62819126,False,SMTYG5954O,,Medium,148,376799,12.83,False
SME0380,Manufacturing,1,3137031,602,35221272,False,CNNNC8271L,,High,98,10000000,15.43,True
SME0381,Trading,5,2686881,457,29655826,True,KROHN5874Y,36PTORX3822L3O,Medium,31,798886,14.66,False
SME0382,Education,8,1224126,603,14777897,True,ANISC6157Y,09FIYGB9283C3H,Medium,25,9657771,12.58,True
SME0383,Trading,5,1489102,502,17850664,True,TTDVB2788A,23UOJKO3111M2K,Medium,45,7330872,14.38,True
SME0384,Tourism,17,1383488,346,15472622,False,MJYPK1946L,,High,16,829432,16.03,False
SME0385,Food & Beverage,12,2443636,393,27598568,False,EDPAQ9139F,,High,24,10000000,16.26,True
SME0386,Food & Beverage,6,164789,426,2007523,True,QKXJS8359V,24ODECR5987E37,High,6,609933,16.6,False
SME0387,Manufacturing,8,647680,548,8409559,False,FCKLF4330F,,High,13,745566,16.68,False
SME0388,Education,3,655816,554,8391324,False,OWLMP8452V,,High,10,3785780,15.49,True
SME0389,Education,6,2032650,398,22340379,False,OTCXY0625Y,,High,40,216258,16.65,False
SME0390,Construction,3,4537294,539,57772117,False,LWHFK4991C,,High,79,445843,16.9,False
SME0391,Trading,18,869775,383,9454646,True,FQIRB0344Y,24CUNXF0248W1M,High,6,378942,16.05,False
SME0392,Technology,10,6581436,337,83564461,True,UNWRR1117W,06RWLZA9044H4J,Medium,172,829075,14.18,False
SME0393,Agriculture,18,2562566,415,29618061,True,IYIIB0972N,19JYPSX0898X4U,Medium,100,624338,14.17,False
SME0394,Tourism,3,1796918,576,22385746,False,TKHLF1618Y,,High,13,516861,15.37,False
SME0395,Manufacturing,6,2095274,365,24214759,False,XAIEL9374W,,High,73,384832,16.6,False
SME0396,Tourism,18,1015530,489,11576263,False,CNEKO8832M,,High,13,4729389,16.97,True
SME0397,Manufacturing,14,4051655,337,50014719,True,FOELO9988D,09VALBC3238Q4T,Medium,40,10000000,14.02,True
SME0398,Real Estate,8,1327450,493,16752330,False,TMAIL4625Q,,High,31,913879,16.65,False
SME0399,Manufacturing,12,1696914,544,21965799,False,RJERJ8977A,,High,10,521246,16.21,False
SME0400,Textile,18,678130,372,7990297,False,IOMNT9840H,,High,21,767786,16.35,False
SME0401,Agriculture,16,381767,511,4668502,False,HVZRL1624J,,High,17,571850,16.96,False
SME0402,Agriculture,7,772131,337,9019704,False,RVLRJ2114K,,High,17,492113,16.33,False
SME0403,Agriculture,14,1595015,503,19275487,True,UBWOQ2950L,19VATJN8455H3E,Medium,34,213140,14.88,False
SME0404,Retail,8,3366933,377,42912656,False,XQNOR4765Y,,High,72,10000000,16.97,True
SME0405,Finance,4,5168813,337,59068314,False,YLIHC5736Q,,High,54,654374,16.6,False
SME0406,Construction,15,2718302,431,29664371,False,SZBGY4488C,,High,75,887924,16.25,False
SME0407,Retail,5,3992636,571,52534159,False,GSYXE6599F,,Medium,27,10000000,12.03,True
SME0408,Trading,18,3653883,572,46984802,True,YXEEP4231F,29ROGLG4574O1N,Medium,70,10000000,12.21,True
SME0409,Agriculture,1,2467842,562,30450782,False,KNSNU9586Q,,High,81,10000000,15.42,True
SME0410,Tourism,10,1773646,351,23128450,False,ELVEM7358C,,High,11,564774,16.56,False
SME0411,Services,9,2570800,623,31880404,False,DFZCD4973F,,Medium,36,155173,12.24,False
SME0412,Manufacturing,18,1345941,460,15258698,True,QSAFJ7604Q,32FWBVT0362X4G,Medium,29,8610280,14.72,True
SME0413,Tourism,6,2605496,456,33427899,False,DQODG7475Z,,High,23,10000000,16.26,True
SME0414,Construction,8,614224,434,6783952,False,MQJET8461C,,High,5,586447,16.58,False
SME0415,Education,18,299665,622,3383143,False,HJGAP0749H,,High,20,1840243,14.08,True
SME0416,Real Estate,17,2966911,415,35822543,False,WTVST7842Z,,High,66,10000000,16.86,True
SME0417,Real Estate,15,4869661,515,56174574,False,DDCTQ4309D,,High,21,902646,16.58,False
SME0418,Real Estate,6,4475576,578,52985944,True,KJCHO4402X,33PBUEX9191G45,Medium,74,951876,12.06,False
SME0419,Manufacturing,1,4307582,581,50750329,False,DFTFB5902A,,High,47,925624,15.29,False
SME0420,Real Estate,18,5171518,530,57144708,True,UNZMH1064G,27RZDYB1351J2L,Medium,136,854685,14.39,False
SME0421,Construction,4,1966837,538,22017305,False,PHGIZ7634R,,High,21,965198,16.53,False
SME0422,Technology,14,4257799,452,50103089,False,HOEBG8650G,,High,52,526156,16.05,False
SME0423,Retail,5,1952446,419,23867281,False,EWDTD8467Q,,High,36,6978117,16.61,True
SME0424,Construction,7,5160108,529,59457923,False,XIQHM2795V,,Medium,184,10000000,14.4,True
SME0425,Food & Beverage,11,235370,427,2837364,False,YRXJA3459N,,High,3,885095,16.49,False
SME0426,Retail,6,1825009,626,19724686,True,AYXIG8613J,19UEVOP1801V4U,Medium,44,10000000,12.11,True
SME0427,Services,5,524601,593,6547033,False,XZGEY6773L,,High,25,2820438,14.28,True
SME0428,Healthcare,19,1370859,591,16396472,False,SSYAH2330I,,Medium,42,441019,12.54,False
SME0429,Technology,15,1262431,326,15907534,False,RMKXF7552K,,High,27,176955,16.72,False
SME0430,Services,15,751036,438,8122964,False,BPHHM2086X,,High,22,645694,16.85,False
SME0431,Agriculture,2,770796,443,9106249,True,CYODU8730A,09RVJQJ7800E1J,High,11,622548,16.68,False
SME0432,Retail,10,1184284,508,13146464,True,CHOKD1283A,23GAAPB9832F3G,Medium,44,8372805,14.27,True
SME0433,Manufacturing,7,4649892,589,53292668,False,MTLKX8078A,,Medium,56,816072,12.44,False
SME0434,Tourism,6,409648,418,4612682,False,YWJWU0579J,,High,21,302236,16.71,False
SME0435,Healthcare,5,2948288,380,36720986,False,LHDZT9834U,,High,99,493540,16.3,False
SME0436,Construction,9,5845358,425,63500817,True,FNYEM6177S,24HGPMP0229T4M,Medium,116,932149,14.93,False
SME0437,Food & Beverage,12,718593,506,9185496,False,NOIDT3176R,,High,12,3774553,16.85,True
SME0438,Textile,5,1364641,508,17053386,False,NEJNP8318S,,High,29,124517,16.92,False
SME0439,Finance,9,6168229,584,77707398,False,JTCJP9602O,,Medium,175,10000000,12.75,True
SME0440,Education,0,2761543,354,31066827,True,EQTED5918V,23RGNPT2943W3Y,High,62,855883,17.71,False
SME0441,Construction,11,1218371,526,15334941,False,PMQRI9732R,,High,13,616987,16.26,False
SME0442,Technology,2,2364089,454,28812714,True,TDRZN8197Q,36BAIZC4045L4C,Medium,44,10000000,14.91,True
SME0443,Agriculture,4,1212525,431,13402283,True,JTEMN4690Q,33MFPYE4674M49,High,34,4015305,17.28,True
SME0444,Real Estate,17,4485197,411,54867566,False,BSALR5852M,,High,40,754289,16.4,False
SME0445,Education,8,2331090,550,26733404,False,ISKQG2388H,,Medium,50,10000000,12.21,True
SME0446,Education,16,2934285,474,34333534,True,YDBJS0244T,29UENRB4169M17,Medium,77,454242,14.3,False
SME0447,Healthcare,18,7157913,650,84473575,True,XJAGK9530P,27IYYDD5346V4C,Low,134,10000000,9.5,True
SME0448,Tourism,18,2940524,522,32371567,True,CMSDN1853Q,23ARIPR4460F4V,Medium,81,10000000,14.53,True
SME0449,Trading,2,2060393,392,24097154,False,UTOMX8786H,,High,20,6348748,16.56,True
SME0450,Education,9,2334976,451,28718421,True,AFHXE1864Q,23IGQRN2485V1J,Medium,43,10000000,14.75,True
SME0451,Services,16,3104676,578,35421999,False,FHEUH5913L,,Medium,34,173898,12.35,False
SME0452,Trading,11,2789298,558,31779767,False,PWQZF7121V,,Medium,82,10000000,12.23,True
SME0453,Finance,18,2820224,405,32698502,True,CZUAQ8507U,19HTGIZ1868O4K,Medium,87,157516,14.59,False
SME0454,Food & Beverage,4,622072,580,7517831,True,JCOUG8781M,19CCNNP8796V3H,Medium,6,4509682,12.64,True
SME0455,Healthcare,20,1584621,451,18818683,False,NABVR1954U,,High,43,843960,16.24,False
SME0456,Technology,12,2942346,578,35546833,True,UESYI3821Q,27RBREE5473A1X,Medium,78,683863,12.24,False
SME0457,Technology,10,1880528,541,22144767,True,QAQXJ1385U,06AKNGU6959K1O,Medium,24,10000000,14.34,True
SME0458,Agriculture,17,632240,515,7445955,False,GEADR6913D,,High,6,736344,16.06,False
SME0459,Textile,16,1145150,627,14380401,False,OOBUU9485O,,Medium,49,483074,12.63,False
SME0460,Retail,17,661596,506,7158123,False,DQGIR2224K,,High,11,962602,16.0,False
SME0461,Construction,3,1858672,475,23361353,True,SFPDH2333N,24CVBZY2650O13,High,44,986956,17.13,False
SME0462,Tourism,18,671763,522,8060307,True,CUHGX9697G,24AROXZ7909Y15,High,5,676376,16.72,False
SME0463,Education,1,2353122,487,28784170,True,JHMTW8628I,19GKZFS7080E4H,High,33,10000000,17.28,True
SME0464,Transport,16,2485515,587,28858077,True,RXFNC5880G,19HKPPT6449C32,Medium,73,409606,12.49,False
SME0465,Services,16,1222792,615,15885703,True,WZWHP7646B,33TLCZQ4324O44,Medium,13,9165981,12.12,True
SME0466,Tourism,4,1467593,475,17013391,True,CVMGL8543G,23CUWXE0732X2H,High,50,6269498,17.39,True
SME0467,Transport,3,636258,534,8283217,True,RPAFY1379K,24FPMCR7065V3M,High,7,906114,17.08,False
SME0468,Technology,17,6861113,384,77831438,True,BFLJV2824B,27NFKPM3007Z21,Medium,171,10000000,14.84,True
SME0469,Trading,14,545017,651,7039617,False,YVXLF8478D,,Medium,6,347375,10.72,False
SME0470,Real Estate,15,5789881,567,63206625,True,QFAZD8882T,29CJJVJ6971G3X,Medium,192,10000000,12.37,True
SME0471,Food & Beverage,6,1575324,334,17823233,True,NMYHW3142Z,32YCUYP7065Z2M,Medium,36,8159735,14.62,True
SME0472,Agriculture,15,2254314,383,25368539,False,CGECV6124F,,High,69,227394,16.8,False
SME0473,Trading,18,1251073,451,16217555,True,TEHYN3725H,27RBXXS6853T14,Medium,10,5091720,14.84,True
SME0474,Healthcare,4,4584305,510,53155447,False,YSNQR0362C,,High,29,10000000,17.12,True
SME0475,Retail,14,1384337,441,15025927,False,KWBZT8006G,,High,10,551727,16.0,False
SME0476,Construction,1,697680,552,8528839,False,TAYSA0364K,,High,2,206762,15.13,False
SME0477,Transport,8,1811034,429,20728811,False,MTISE9159N,,High,39,126702,16.31,False
SME0478,Transport,3,2038984,445,26203130,False,ADSZN3378L,,High,75,766648,16.65,False
SME0479,Real Estate,13,1019136,389,11649890,True,SEKJA2973D,19TIEIN0122N1Z,Medium,23,7776601,14.16,True
SME0480,Tourism,3,2168165,492,26968469,True,QYDSM0410E,29EQYMC5739E2O,Medium,82,10000000,14.62,True
SME0481,Services,7,3063320,629,35070616,True,XOXKG8566S,33IKYER2845C4L,Medium,23,10000000,12.11,True
SME0482,Manufacturing,7,5306635,363,58387835,True,JEWVA8901Z,36GZYMP1155H4P,Medium,68,167120,14.08,False
SME0483,Agriculture,9,124061,399,1589931,False,GTKDM3580K,,High,24,603005,16.2,False
SME0484,Textile,15,1389295,639,18004620,True,KUZUB3446F,09BIOAR6937B30,Medium,34,9560679,12.54,True
SME0485,Trading,16,2109501,576,23208859,True,NYKCP9784A,27JWQIG1785D45,Medium,44,565500,12.51,False
SME0486,Healthcare,14,6819363,483,85916168,False,RVVTB7438D,,Medium,158,537597,14.07,False
SME0487,Real Estate,19,711599,358,8676137,True,FEDNY5232J,36ZBLRQ2928Z39,High,6,519734,16.25,False
SME0488,Healthcare,7,5036522,499,57558537,False,POEVK8287A,,Medium,124,10000000,14.51,True
SME0489,Transport,16,1506636,584,19292287,False,IOBMD2672T,,Medium,48,508141,12.77,False
SME0490,Transport,10,565762,426,6157168,False,HRGHI8424E,,High,10,609421,16.92,False
SME0491,Food & Beverage,19,629713,408,7162699,False,VYTRJ7627W,,High,17,568769,16.31,False
SME0492,Transport,10,1754546,438,20244522,True,ODUHF1021R,29FFFOO2551F3J,Medium,27,781111,14.46,False
SME0493,Manufacturing,6,3713904,542,44284356,True,NQJMQ0086Q,23VVHJE6924A4V,Medium,82,944314,14.82,False
SME0494,Services,16,2127722,408,24341442,True,AWLON8898M,36SSLHO8400N3M,Medium,54,9474354,14.49,True
SME0495,Transport,3,107178,627,1216943,True,NEAHH6265Z,32KFSBO1996P3E,High,11,927382,14.82,False
SME0496,Food & Beverage,15,1480184,587,19176211,False,PDUDB9697B,,Medium,11,10000000,12.01,True
SME0497,Retail,6,1030866,603,11893699,False,RJBJZ4977J,,Medium,33,9990628,12.12,True
SME0498,Trading,6,1425459,411,15669013,False,CWALD9280W,,High,49,5125029,16.86,True
SME0499,Real Estate,18,3741661,534,45842812,True,ZHGIZ4670D,32ZLSDV7469E1H,Medium,66,10000000,14.7,True
SME0500,Food & Beverage,8,2567631,462,33695736,True,DDHAZ2887F,23GVXTX1229T4J,Medium,66,934805,14.63,False
SME0501,Finance,15,7202258,547,80333944,True,QUSDU4685V,06INGHM3429Z1V,Medium,57,10000000,14.27,True
SME0502,Trading,20,1268398,495,16239099,False,NVRGP3937I,,High,36,4938897,16.69,True
SME0503,Education,3,1133863,610,13793403,False,UEDBB2338D,,High,22,8183688,15.09,True
SME0504,Technology,1,6464906,397,82837782,True,RGEEF7962Q,19RLJFR5515P3N,Medium,139,10000000,14.76,True
SME0505,Tourism,20,142800,625,1875639,False,UIFDO9486A,,High,5,1186360,14.09,True
SME0506,Transport,17,2761179,516,32989457,False,APDQY3998H,,High,29,205547,16.31,False
SME0507,Retail,17,1876668,547,20292147,False,EQVEN5054T,,High,29,8275411,16.41,True
SME0508,Manufacturing,8,1453989,357,18587055,False,BQWOU5085K,,High,27,8474806,16.89,True
SME0509,Services,10,569869,446,6747763,False,QJPDF7726N,,High,24,841856,16.51,False
SME0510,Finance,8,4173988,553,49634263,True,ELBCY5889B,09KRZIG6157J1D,Medium,61,10000000,12.79,True
SME0511,Finance,18,3147123,423,36957037,False,LMJQA0888F,,High,32,780808,16.43,False
SME0512,Education,16,2965872,379,36829519,False,UEXVV5003Q,,High,36,190418,16.33,False
SME0513,Retail,12,3307493,481,36005251,False,XTBYH0643B,,High,98,822340,16.77,False
SME0514,Real Estate,1,2883553,447,36386181,True,EYDQB7754X,23GDZID9483C2W,High,99,966324,16.68,False
SME0515,Food & Beverage,20,1960942,628,24116747,False,WXJWO2172R,,Medium,18,10000000,12.38,True
SME0516,Finance,8,5087948,480,55684289,True,ABZWT5089M,23ELZTF8145H3T,Medium,137,10000000,14.55,True
SME0517,Tourism,8,533044,501,6087975,False,QQPER1420R,,High,10,514168,16.72,False
SME0518,Technology,1,6593814,456,85374231,True,APVAX9982Y,24ORHWY9547H17,Medium,111,10000000,15.11,True
SME0519,Agriculture,8,2847639,372,37401114,True,VBBOH5764D,36OCRTZ3167I38,Medium,36,10000000,14.74,True
SME0520,Education,13,2860085,411,37518601,True,FRTUK2101K,27IWVPQ9969Z4A,Medium,50,10000000,14.65,True
SME0521,Trading,15,3875932,394,45234969,False,HACGR2020L,,High,84,440906,16.26,False
SME0522,Manufacturing,16,4479508,372,55922212,True,SJLEN6810S,29ROFPY2725U2R,Medium,39,533846,14.85,False
SME0523,Manufacturing,14,4538141,463,55955736,True,IQUCU1909G,23YOPZC2362X1M,Medium,75,526224,14.05,False
SME0524,Trading,20,529564,365,5857332,False,YYTCU2867O,,High,21,1968366,16.82,True
SME0525,Healthcare,13,7913599,492,89016753,False,OCWFI1491F,,Medium,163,537972,14.27,False
SME0526,Manufacturing,9,3395734,664,44550336,True,HXPNF0682S,29SKDJL9210A26,Low,98,791518,9.22,False
SME0527,Retail,7,1815979,575,21874215,False,PTXOX4270A,,Medium,35,9604477,12.48,True
SME0528,Healthcare,15,3649762,471,46279210,False,OAEZG9445A,,High,59,129300,16.5,False
SME0529,Technology,5,5357650,313,66199169,True,SJAEP1353P,09JDYQQ3185A2M,Medium,69,10000000,14.52,True
SME0530,Food & Beverage,11,2258027,440,29452793,False,SABTU3366Z,,High,65,303192,16.47,False
SME0531,Construction,8,1092917,640,14369963,True,FLAOQ5107H,32ULAZW2183H2A,Medium,36,993799,12.07,False
SME0532,Education,19,727102,425,8659221,False,TWEQF6407R,,High,5,186187,16.27,False
SME0533,Textile,2,203905,415,2237813,False,XBFJU1389U,,High,25,962260,17.12,True
SME0534,Textile,16,2174647,468,25005991,True,KJKVR9842R,27NWCGF1560W3J,Medium,23,956348,14.58,False
SME0535,Transport,12,1697067,341,18361661,False,KIGZZ6804J,,High,50,555447,16.85,False
SME0536,Transport,0,2073852,654,26764442,False,MMDDD0367K,,Medium,84,10000000,11.8,True
SME0537,Retail,9,3502009,654,38761947,True,KUUTP8294G,19AEWUW7791V2A,Low,54,10000000,9.49,True
SME0538,Trading,5,2099128,568,24581093,True,IHNHX6551U,33JOGGV8573P1Q,Medium,96,907398,12.03,False
SME0539,Finance,12,3306154,499,39230021,False,EBVZS8352I,,High,94,10000000,16.17,True
SME0540,Food & Beverage,20,266701,496,3178933,True,MVCZK4929P,32WSAEY4217K3W,High,23,212860,16.96,False
SME0541,Finance,20,5767749,450,67685987,True,CIBAS3045T,33FOYLJ5355N4P,Medium,163,10000000,14.14,True
SME0542,Finance,11,5064768,455,60856690,True,SBUFG8694K,23FXVSZ3259V1U,Medium,178,532070,14.56,False
SME0543,Retail,9,2119432,510,23753099,False,KTVVO9990T,,High,80,770678,16.73,False
SME0544,Real Estate,9,4793911,532,60841468,True,SNXNZ7729P,29LDCWE4906C2G,Medium,86,10000000,14.58,True
SME0545,Food & Beverage,13,326516,363,3912086,False,CZPPU6163H,,High,7,1433902,16.38,True
SME0546,Construction,5,1420485,465,18418749,False,ZYNOV5450D,,High,16,572627,16.94,False
SME0547,Technology,7,1791145,648,23170346,False,DLCZC4312Z,,Medium,45,10000000,12.35,True
SME0548,Retail,15,1607186,538,19125917,False,PDBOJ0020A,,High,13,842312,16.37,False
SME0549,Technology,17,5320840,461,64081552,False,HMIZR7343A,,Medium,167,10000000,14.07,True
SME0550,Construction,1,806563,469,8978946,True,IBYLZ8231O,06PFAOR4984S1E,High,7,3653133,16.7,True
SME0551,Textile,10,2919934,593,37976949,True,VQLMO1445Q,27EKDKS0679L12,Medium,94,10000000,12.25,True
SME0552,Real Estate,11,3906917,638,43803019,True,DABBV3339U,06FVMRO8479Y1J,Medium,26,10000000,12.12,True
SME0553,Tourism,18,1240944,461,16373569,True,FCBPV8178Y,29RWCCH2975G4V,Medium,18,7142697,14.69,True
SME0554,Finance,4,1255688,465,14776454,False,LIHEY8851C,,High,45,714017,17.27,False
SME0555,Technology,19,7131814,361,88696232,True,YSQFY0587O,09EESUE8353I20,Medium,187,10000000,14.41,True
SME0556,Healthcare,2,1576977,633,19368904,False,BIMET8741N,,High,31,484490,14.54,False
SME0557,Real Estate,11,5258793,528,67205140,True,HDWDB1742K,06YADZO7863B45,Medium,77,10000000,14.34,True
SME0558,Education,12,2854842,431,34685645,True,FVMHD5792P,33CYQRB4824T4W,Medium,35,128090,14.05,False
SME0559,Real Estate,2,4157335,322,51086931,True,LWCGP7606R,23KHTZQ3205X2O,Medium,22,10000000,15.18,True
SME0560,Education,17,2720412,399,31786382,True,NRRBB9801A,19KICNJ7232T2U,Medium,50,249456,14.61,False
SME0561,Education,6,1014992,559,11362042,False,JIPFL8393I,,Medium,47,7621612,12.12,True
SME0562,Healthcare,20,4129180,538,50252675,False,NYEOS1775V,,High,85,670933,16.04,False
SME0563,Tourism,8,2609732,339,30094027,True,NZWAT0024E,36PAGDE6297Q22,Medium,87,10000000,14.6,True
SME0564,Manufacturing,16,5500577,608,61175622,True,HZGUD8931D,06QYHNW7150J3W,Medium,179,10000000,12.73,True
SME0565,Finance,11,2935150,320,32093928,True,KUBFN2557W,19UQWST7503Z4V,Medium,49,10000000,14.02,True
SME0566,Construction,19,4418034,432,54179164,False,HFXXI4179A,,High,66,960805,16.21,False
SME0567,Technology,8,2289193,407,28899283,False,CRFIJ4806K,,High,30,670183,16.23,False
SME0568,Services,5,3886108,604,43635180,True,LMGQZ6181W,36BKCNC3174A35,Medium,20,10000000,12.97,True
SME0569,Trading,13,2796389,586,30857802,True,MRVOP7902R,23QQMHV5613K4R,Medium,38,356969,12.55,False
SME0570,Retail,5,561064,416,7045652,True,OEQGS2946F,24LZVOS4472P33,High,8,653934,16.41,False
SME0571,Transport,5,521046,593,6537627,False,CPDQT3823G,,High,6,3362589,14.19,True
SME0572,Education,9,2224337,448,28079762,False,OQPUV0678O,,High,73,8982997,16.88,True
SME0573,Services,16,1058823,515,11498969,True,GPGLU6345Q,32CVUIH8621V1J,Medium,37,6668302,14.21,True
SME0574,Trading,15,3316659,572,38815721,False,VXWLV5026L,,Medium,86,10000000,12.48,True
SME0575,Food & Beverage,19,2012605,398,22375459,False,TSJJD7502B,,High,31,10000000,16.22,True
SME0576,Retail,8,2936613,505,35529015,False,AKSAR2934B,,High,91,972312,16.03,False
SME0577,Services,12,1730231,504,22272573,True,INUPO3714D,33STHRL1373E4T,Medium,17,10000000,14.06,True
SME0578,Finance,19,7436910,548,87274000,True,WKBNX1373Y,19KKYMJ1537U31,Medium,139,10000000,14.91,True
SME0579,Food & Beverage,1,2684562,390,29188908,True,PKTDZ5642Z,24BDALC3810H11,High,97,10000000,17.28,True
SME0580,Food & Beverage,20,1527393,503,17232286,False,ZFTHE8573P,,High,14,495510,16.69,False
SME0581,Textile,14,1683516,439,20960995,False,HNEGY2879C,,High,35,337720,16.13,False
SME0582,Manufacturing,6,4981071,442,58336115,False,SLEZL4325F,,High,87,524274,16.22,False
SME0583,Construction,17,3249248,459,40810761,True,KYEXI6384P,29UZQZV0769U4O,Medium,41,10000000,14.11,True
SME0584,Retail,7,3925754,440,46059997,True,FLBCA9006A,29WAWCJ4914F49,Medium,31,10000000,14.09,True
SME0585,Technology,0,6854368,315,89401452,True,WZBFS8272L,23YEXNN4614J38,High,125,10000000,18.0,True
SME0586,Tourism,18,237209,478,2855888,False,AYYJN1729R,,High,11,807741,16.29,True
SME0587,Services,13,1846132,606,22281601,False,SPYXC7987U,,Medium,32,10000000,12.02,True
SME0588,Textile,15,2136597,384,25588674,True,FMOMS5103F,19GRICO2544K4B,Medium,44,601494,14.07,False
SME0589,Manufacturing,3,2982096,386,38520358,False,JAPWB3202A,,High,94,10000000,17.34,True
SME0590,Trading,19,1073551,559,12679943,False,SBPRF4423N,,Medium,20,7524533,12.75,True
SME0591,Technology,4,1352562,578,15306636,False,EFNLX7364O,,High,34,124742,15.25,False
SME0592,Tourism,1,2169156,523,25109323,True,ZCXTH1279C,23MTTJJ8500P14,High,42,480831,17.34,False
SME0593,Retail,2,3756050,543,48132236,True,NJEUU4531K,06MRMAI3910B33,Medium,57,10000000,15.24,True
SME0594,Retail,0,808330,571,9742061,True,FVWLP5674M,23JQCOY4785M3T,High,16,505340,16.05,False
SME0595,Finance,6,1122207,514,12787952,False,PSWMO9916P,,High,46,4300837,16.21,True
SME0596,Transport,13,2499729,554,29956416,True,SEOOM9717R,27SHTUE7080Y3A,Medium,91,10000000,12.5,True
SME0597,Finance,7,2252516,596,28380873,True,WHGZY8981C,24GAFUN2292V36,Medium,82,10000000,12.34,True
SME0598,Construction,12,4212824,561,46252888,False,QJGYS4344V,,Medium,25,10000000,12.21,True
SME0599,Education,9,1488586,671,18494591,False,ZBUNM3937N,,Medium,18,10000000,10.46,True
SME0600,Manufacturing,15,5046802,474,57398330,True,GJNMQ1928F,09HIRGT7299S3H,Medium,162,10000000,14.16,True
SME0601,Services,3,2458747,486,31598779,True,NNKGM6141O,23PNJLF5570V1O,Medium,25,835087,14.65,False
SME0602,Technology,6,7702565,617,94020677,False,AZNKB9672P,,Medium,180,10000000,12.02,True
SME0603,Services,6,1615800,404,20277371,False,NYZJY3552D,,High,38,5936657,16.18,True
SME0604,Education,7,2264849,560,26637799,False,QJQSJ7152X,,Medium,66,10000000,12.74,True
SME0605,Healthcare,16,4989438,629,63953344,False,FTHER4530J,,Medium,74,10000000,12.09,True
SME0606,Manufacturing,7,2473654,407,27349244,True,VPBLD7065B,36MWYIG7097S2P,Medium,35,474782,14.2,False
SME0607,Technology,6,2398694,588,28964889,True,ASUKE5102Z,36EWQSA6150T4W,Medium,87,10000000,12.03,True
SME0608,Retail,19,973958,681,11241169,False,RSFQO3381H,,Medium,18,240950,10.09,False
SME0609,Food & Beverage,2,983667,568,10913336,False,KHIIY4774H,,High,23,303459,14.75,False
SME0610,Technology,2,1501314,466,16299344,True,VWWBO2592M,36RFLGP2053Q1Y,High,19,6117742,16.71,True
SME0611,Transport,10,885991,509,11383750,True,LTJPH8734X,24EVCBZ7220U20,High,14,983067,16.04,False
SME0612,Food & Beverage,18,316356,593,3505370,True,TEHHF2421K,36VZXHI3836V22,Medium,3,2660383,12.83,True
SME0613,Food & Beverage,2,1738489,523,22047672,True,JWAHY3095V,32TRNON0603L3D,High,27,248677,17.11,False
SME0614,Education,0,641445,586,8108895,False,ODBHI4320P,,High,3,481740,16.4,False
SME0615,Tourism,11,2033501,424,22762337,False,IYCMW1146F,,High,23,10000000,16.75,True
SME0616,Technology,2,6373659,612,82586643,True,HNTCK7136R,36JBPOQ6863I49,Medium,160,10000000,12.93,True
SME0617,Retail,2,1897571,494,22895089,False,LOXRX8980K,,High,26,351777,16.84,False
SME0618,Textile,12,292230,606,3413433,False,EJDES6898L,,High,3,299701,14.27,False
SME0619,Food & Beverage,2,1404928,401,16580951,True,TEIUW7247A,06GSCOQ4539Z4W,High,34,4410628,17.42,True
SME0620,Textile,9,1826060,432,20656157,False,OEEEP2790M,,High,25,7479591,16.64,True
SME0621,Textile,1,1677558,459,21526363,False,RVUII2291S,,High,42,697561,16.81,False
SME0622,Finance,4,2829935,471,31854617,True,AMSNH7656Q,09BBRNB8011P3A,Medium,31,10000000,15.4,True
SME0623,Agriculture,13,656257,576,8576810,False,XKHQH1221B,,High,6,767135,14.36,False
SME0624,Transport,3,1111334,515,14518651,False,JULSO0727W,,High,39,783590,16.91,False
SME0625,Textile,10,1253945,403,15892217,False,DPXQA8762D,,High,36,4264324,16.03,True
SME0626,Retail,11,3236651,544,35086874,True,NOBRU1324N,19SRMOB4278I1F,Medium,67,10000000,14.5,True
SME0627,Manufacturing,2,1363740,474,15241840,True,IFHRS3035G,23DUNPU0406M44,High,24,233387,16.82,False
SME0628,Construction,17,752944,575,9440982,False,OPJAP7424H,,High,4,933874,14.29,False
SME0629,Textile,17,2631028,587,30649384,True,BRGZP1990R,27GNSHU5914O4N,Medium,35,472060,12.03,False
SME0630,Trading,8,1702286,544,18527476,False,NYXZB8686F,,High,13,7720826,16.55,True
SME0631,Construction,17,4775892,555,56233486,True,QTJHO4705P,27XIZQV6498X3H,Medium,23,10000000,12.91,True
SME0632,Education,8,2996530,460,34920325,True,LGBYV9010A,06UGMYU2570Y4Y,Medium,64,519823,14.03,False
SME0633,Real Estate,7,1347310,343,17567273,True,VVWUU5863A,24CLEXT2262Z2F,Medium,29,10000000,14.39,True
SME0634,Construction,15,4448427,592,55973775,True,CGZPU0865C,32KUWDP0193P2D,Medium,72,240785,12.0,False
SME0635,Manufacturing,19,4528346,504,51625162,False,ADTVV8512Q,,High,26,662937,16.68,False
SME0636,Construction,15,2270436,512,27382813,True,FLCQR5240C,32JGIHE3499X17,Medium,92,688194,14.16,False
SME0637,Agriculture,10,1325693,342,15466313,False,IFAIN0223C,,High,24,880355,16.27,False
SME0638,Transport,4,1658695,521,19596236,True,CIPSG6960F,29JEMII7750Z3T,High,31,9098310,17.04,True
SME0639,Technology,15,1993949,682,22115743,False,RMUES0623M,,Medium,12,10000000,10.68,True
SME0640,Retail,4,3334815,525,36460768,True,SNWNW5851J,19GDUQP0843Y3I,Medium,79,10000000,14.67,True
SME0641,Retail,10,2988374,424,37844363,True,PALKC0255S,32WCXVI4377I2Z,Medium,27,10000000,14.08,True
SME0642,Transport,0,1252814,381,16020330,True,LBZTJ7911T,27DTYEH4559S23,High,40,914547,18.0,False
SME0643,Real Estate,7,5573435,629,65280995,False,VJUYB3804H,,Medium,50,10000000,12.39,True
SME0644,Tourism,7,1258335,583,14342901,False,EWTBA4280S,,Medium,30,9088825,12.54,True
SME0645,Healthcare,13,5768609,419,69326382,False,ZXSCT1124S,,Medium,89,598612,14.26,False
SME0646,Retail,18,708198,456,8287180,False,QYWYV0884H,,High,11,4060165,16.59,True
SME0647,Trading,6,2401971,503,30619784,True,TCDPA5029V,27HMJUW5204H4S,Medium,60,212012,14.27,False
SME0648,Trading,18,554955,583,6137281,False,USLFU0231E,,High,9,985881,14.05,False
SME0649,Manufacturing,13,762928,476,8869403,False,CZAEE8684K,,High,24,510056,16.96,False
SME0650,Finance,9,6135268,414,72661697,True,NHJZP2197P,06FZOJM3426R2J,Medium,81,356884,14.53,False
SME0651,Retail,5,2099319,383,26914443,False,GJUHJ0071O,,High,37,10000000,16.47,True
SME0652,Transport,7,2646430,465,29214835,False,VMSOK7425F,,High,90,10000000,16.42,True
SME0653,Construction,8,1449262,486,15721214,False,GEHJK1654U,,High,35,917737,16.65,False
SME0654,Construction,6,1173457,430,15386306,False,TJEUE1642H,,High,48,5668043,16.26,True
SME0655,Real Estate,4,3538538,405,42234479,True,MACJM7844X,29TOTQO7532K4X,Medium,97,927244,14.61,False
SME0656,Textile,7,2352326,574,25781793,False,OWUGC0159D,,Medium,35,10000000,12.09,True
SME0657,Education,3,1196952,604,14259087,True,QLYEV4950H,36MSARR7271L3L,Medium,10,237410,12.94,False
SME0658,Transport,11,2492903,442,32281191,False,WZDPB4693E,,High,53,983516,16.61,False
SME0659,Healthcare,6,2217345,504,27448152,False,RDDNS3832R,,High,99,10000000,16.45,True
SME0660,Technology,8,4851377,622,58831720,True,YLBHT4644N,29DRAAC8091C14,Medium,58,10000000,12.62,True
SME0661,Manufacturing,5,2635691,617,29455135,True,AKUHV7596S,06GNDZT4290B1H,Medium,49,10000000,12.58,True
SME0662,Construction,16,2108405,651,23541279,False,MXJMD1501P,,Medium,40,201382,10.12,False
SME0663,Food & Beverage,4,2021324,548,24103919,False,CDKMU1572V,,High,54,480997,17.36,False
SME0664,Real Estate,8,4120259,450,49058756,True,UQACQ3068W,27CRPZJ0930L4V,Medium,78,10000000,14.69,True
SME0665,Manufacturing,6,4570883,434,59423248,False,YDUSM3510S,,High,71,10000000,16.17,True
SME0666,Healthcare,16,2115052,544,26824614,True,HSJRG2933N,29OYCNG4951Q43,Medium,40,10000000,14.88,True
SME0667,Agriculture,10,407355,637,4566650,False,MDPSD4850C,,High,6,193744,14.57,False
SME0668,Construction,12,3849412,469,49852137,True,WJETU5920C,27CYSIO1872C39,Medium,66,10000000,14.54,True
SME0669,Retail,18,3011312,477,36088996,True,ZBNER1184S,06JKZSY7815W1Z,Medium,79,296190,14.01,False
SME0670,Textile,15,1632495,440,18608304,True,CMTRI0145W,19FDKGI8462I2U,Medium,48,10000000,14.31,True
SME0671,Transport,0,1142499,503,13560713,True,FRZMN7828P,29TAGRX1757W3B,High,27,763926,17.7,False
SME0672,Finance,18,1057996,510,12087922,True,KTXFC5258U,32LOHHR2684V3W,Medium,41,553218,14.63,False
SME0673,Real Estate,6,4314424,604,56011714,False,OEPXD3747S,,Medium,78,10000000,12.22,True
SME0674,Services,6,3989933,542,46580507,True,QIZBJ9014H,24HEQYN2129J1M,Medium,73,224210,14.6,False
SME0675,Textile,13,2551945,429,30676412,False,YHDGA2191X,,High,47,360048,16.3,False
SME0676,Finance,14,2901024,407,34018798,True,PUKYM9460Z,33OLUCI6359M2D,Medium,83,10000000,15.0,True
SME0677,Healthcare,5,3679942,426,41029108,False,IJDOF9217B,,High,41,276994,16.8,False
SME0678,Transport,1,2141751,650,26067288,True,FEDUC7690B,19VHKSE3831M3G,Medium,61,10000000,11.22,True
SME0679,Transport,11,2935553,582,32467793,True,VYJQH4821G,27EJBCU2273R1R,Medium,54,637704,12.0,False
SME0680,Construction,20,2324863,645,29955784,True,BIKCX7402O,32JZRRX9143I2W,Medium,94,10000000,12.66,True
SME0681,Services,15,1682012,460,19794096,False,GTBPH3573C,,High,49,496391,16.29,False
SME0682,Trading,10,788603,565,9083622,False,NPIAA8775Y,,High,24,465092,14.47,False
SME0683,Manufacturing,11,2027244,585,23710007,False,BZDPF3508G,,Medium,87,10000000,12.54,True
SME0684,Technology,9,1744373,590,22892584,False,VUONV9543J,,Medium,26,939003,12.24,False
SME0685,Services,18,2031847,545,23318601,False,TKNLP2571B,,High,23,7503867,16.48,True
SME0686,Real Estate,17,5287372,627,58959262,True,TGAPA4011Z,23XVTZU3046X2Y,Medium,109,10000000,12.75,True
SME0687,Trading,11,1272857,413,15190044,False,RPPDB5608U,,High,23,887130,16.41,False
SME0688,Services,2,1280213,596,14124040,True,ICESY9249W,23ZGFWN3880U2X,Medium,25,7687014,13.11,True
SME0689,Transport,1,796822,527,8942514,True,XCDRF5163U,09WJYXL4535F3B,High,17,219872,17.01,False
SME0690,Technology,1,5866459,489,69336876,True,MGWTN6006G,29ZLTWE1861J14,Medium,136,10000000,14.72,True
SME0691,Tourism,14,863785,550,9845591,False,MNUIP3040I,,High,7,6852940,14.54,True
SME0692,Textile,12,1140502,547,13579616,True,QKSGD7656G,06PGACO5743B2E,Medium,30,6001281,14.12,True
SME0693,Trading,4,3523138,360,40525503,False,MXKSP3794K,,High,79,427031,17.34,False
SME0694,Agriculture,14,2078419,390,23996500,False,MDDPL4012A,,High,87,10000000,16.88,True
SME0695,Transport,13,1962425,376,22937924,True,UJBEO1739N,33QQJXU6355N2G,Medium,44,10000000,14.91,True
SME0696,Trading,5,1315502,474,16861908,False,WZAUG1720C,,High,38,894268,16.38,False
SME0697,Transport,14,2840547,406,35263764,False,YUFCB5018O,,High,63,183074,16.53,False
SME0698,Agriculture,16,1109516,381,13055681,False,BXTFX7714X,,High,41,5990487,16.92,True
SME0699,Retail,14,2505076,573,31949337,False,YDGOE2234V,,Medium,49,10000000,12.39,True
SME0700,Retail,16,1530757,530,18093777,False,OWMFT9490R,,High,18,969944,16.03,False
SME0701,Tourism,17,1137379,371,12724105,False,FPBNJ5409H,,High,22,5118159,16.51,True
SME0702,Tourism,8,1196364,397,14264187,True,CUMVP7942G,06VQKAI5058D4B,Medium,46,126495,14.91,False
SME0703,Food & Beverage,1,274584,564,3371060,False,GRKFQ9629V,,High,1,1355136,15.08,True
SME0704,Services,2,598020,614,6901719,False,TMCZD6319I,,High,2,669054,15.41,False
SME0705,Agriculture,1,2193304,327,28124049,False,CMPRG5205S,,High,81,597812,17.49,False
SME0706,Education,5,1207189,639,13480785,False,LCQUX3330Y,,Medium,45,10000000,12.25,True
SME0707,Retail,3,3243015,659,42730541,False,HVTBQ1926R,,Medium,76,539605,11.45,False
SME0708,Education,12,2504412,497,29248257,False,BIIAZ4016F,,High,80,164149,16.35,False
SME0709,Construction,13,1004703,425,12907203,True,ENGMY5448B,09MIOAH6650T3N,Medium,47,7047882,14.17,True
SME0710,Construction,4,835406,515,10176186,True,OCOEE5195A,33WJOHS9566B1Z,High,25,758365,16.77,False
SME0711,Construction,4,2233833,592,26338761,False,FXYEQ8942B,,Medium,81,10000000,12.77,True
SME0712,Food & Beverage,17,377203,672,4475152,False,YBBQJ2337T,,Medium,21,4225397,10.21,True
SME0713,Manufacturing,4,4993262,561,62573426,True,TCJWT4539B,33XFIUO5916H4N,Medium,100,10000000,13.33,True
SME0714,Technology,16,2286136,471,30127747,True,EIEJG7082C,23HMNSY9274L3J,Medium,41,10000000,14.42,True
SME0715,Tourism,6,2195425,516,27040506,True,CWJSJ9237M,19FLPUP4501U4B,Medium,49,821885,14.78,False
SME0716,Tourism,18,2889051,388,34616223,True,JXJZB2153S,32LTUUH1542Y4B,Medium,27,10000000,15.0,True
SME0717,Education,12,210224,599,2739649,True,LXQNF6559M,29AZGHH0217F3P,Medium,21,1555051,12.58,True
SME0718,Food & Beverage,6,1654537,422,20750773,True,ARPOI9846Y,23AUEDR1359W4R,Medium,44,10000000,14.73,True
SME0719,Education,17,2780297,547,31877978,False,MHDQL8951A,,High,66,10000000,16.82,True
SME0720,Tourism,2,1808533,544,21291158,True,AYDME3081V,24QKYWG2108B1P,High,40,607339,16.66,False
SME0721,Transport,11,2566628,571,32678825,True,GOSHN8981F,23IIMKP2221E33,Medium,30,10000000,12.34,True
SME0722,Agriculture,0,1959182,564,21200736,True,EVCOY8916F,23GGXDV2437G1N,High,47,10000000,16.24,True
SME0723,Transport,14,343202,595,4147312,True,FZOYV7958A,23NKYGT3573P30,Medium,23,3155388,12.7,True
SME0724,Finance,14,7229417,666,86030127,False,WLQVN5574X,,Low,138,10000000,9.96,True
SME0725,Retail,10,1238121,537,16308437,False,COACO2799A,,High,36,616107,16.3,False
SME0726,Construction,4,1106835,447,13676078,False,VCRQY4265K,,High,37,3538768,17.43,True
SME0727,Tourism,20,1573294,561,19587390,False,GRGWY2648Y,,Medium,42,10000000,12.94,True
SME0728,Retail,3,1439324,615,18113924,False,GUZMW9881E,,High,38,309807,15.12,False
SME0729,Retail,7,356260,341,4335839,True,YIEFN3263T,29MOADG0851A34,High,24,1232934,16.92,True
SME0730,Food & Beverage,14,2123393,490,24471038,True,ANDRG7767F,27XOIDQ5095D2J,Medium,23,10000000,14.55,True
SME0731,Manufacturing,3,4516974,426,53760086,True,MWGPP1323P,33VOAPT5852B3S,Medium,100,10000000,14.56,True
SME0732,Real Estate,12,1433702,588,17938949,True,KIVBH5696Q,27IBUVF5943L3L,Medium,21,8927305,12.17,True
SME0733,Education,8,2845368,572,37219381,True,QZPGC9671M,09NTLQI8386F1L,Medium,99,10000000,12.85,True
SME0734,Food & Beverage,6,1034708,351,12045834,False,SLJQV1879S,,High,36,5259074,16.75,True
SME0735,Agriculture,3,2306732,510,26956796,False,NVHXL6002U,,High,41,480180,16.54,False
SME0736,Tourism,17,1692639,649,21728247,True,AJJPE4413M,06MQHOM9109P4P,Medium,19,10000000,12.92,True
SME0737,Healthcare,16,2965582,437,33671012,False,AATHE7508H,,High,24,10000000,16.85,True
SME0738,Real Estate,4,4229802,519,52489622,True,ZHFMB7598K,29AQDDF6151B2I,Medium,24,10000000,14.62,True
SME0739,Trading,11,2653597,451,29087351,True,XVAPR6977Z,19UOTYS1038E1N,Medium,38,101915,14.84,False
SME0740,Tourism,13,192756,489,2289423,False,CENEZ1161N,,High,4,943876,16.78,False
SME0741,Trading,12,3761476,609,48109210,True,LSJPM5641C,24URORU0112A16,Medium,45,246714,12.53,False
SME0742,Education,8,1965706,519,24801055,True,LAZFY7607Z,23BBCWD9065O1X,Medium,37,10000000,14.63,True
SME0743,Agriculture,9,1229783,412,14365766,False,ZWIZF8390L,,High,29,639332,16.07,False
SME0744,Manufacturing,7,552693,633,6782098,False,WQCEC6827L,,High,20,907916,14.21,False
SME0745,Tourism,14,326129,389,3932610,True,SWOON5512I,33SIUDN5648G1I,High,16,129831,16.68,False
SME0746,Construction,13,3560522,505,46469571,True,AHPWG7579D,19XZWHG5755E12,Medium,91,10000000,14.67,True
SME0747,Services,7,1907445,571,24423688,False,LFLBA6439H,,Medium,41,518151,12.76,False
SME0748,Finance,13,2213902,483,25599950,False,LPIBS1784O,,High,85,137588,16.02,False
SME0749,Services,18,2910712,354,31484607,True,CAXMD9323K,06OVBPE9017J3M,Medium,66,10000000,14.34,True
SME0750,Food & Beverage,1,1141239,572,14158528,True,FGDIK3100V,19WDLGT3581S4Q,Medium,21,6992920,13.42,True
